id,country
1000001,UK
1000001,USA
1000002,South Korea
1000003,USA
1000004,Germany
1000004,USA
1000005,Hong Kong
1000005,USA
1000006,UK
1000006,USA
1000007,UK
1000007,USA
1000008,Canada
1000008,USA
1000009,USA
1000011,USA
1000012,USA
1000013,USA
1000014,USA
1000015,USA
1000016,Sweden
1000016,USA
1000017,UK
1000017,USA
1000018,UK
1000018,USA
1000019,UK
1000019,USA
1000020,Ireland
1000020,UK
1000020,USA
1000021,USA
1000022,USA
1000023,USA
1000024,Germany
1000024,USA
1000025,USA
1000026,Canada
1000026,USA
1000027,USA
1000028,USA
1000029,USA
1000030,Japan
1000031,USA
1000032,USA
1000033,China
1000033,UK
1000033,USA
1000036,France
1000036,Germany
1000036,USA
1000037,USA
1000039,USA
1000040,USA
1000041,USA
1000043,USA
1000044,UK
1000044,USA
1000045,USA
1000047,USA
1000048,USA
1000049,Brazil
1000049,France
1000049,Italy
1000049,USA
1000050,USA
1000051,USA
1000052,USA
1000053,USA
1000054,USA
1000055,USA
1000056,Japan
1000056,UK
1000056,USA
1000057,USA
1000058,USA
1000061,Czechia
1000061,New Zealand
1000061,USA
1000062,USA
1000063,USA
1000064,USA
1000065,Canada
1000065,UK
1000065,USA
1000066,USA
1000067,New Zealand
1000067,USA
1000070,USA
1000071,USA
1000072,Australia
1000072,USA
1000073,USA
1000074,USA
1000075,Italy
1000075,USA
1000076,USA
1000077,USA
1000078,USA
1000079,USA
1000080,France
1000081,USA
1000083,USA
1000084,USA
1000085,USA
1000086,USA
1000087,USA
1000088,USA
1000089,USA
1000092,Brazil
1000092,UK
1000092,USA
1000093,USA
1000094,Japan
1000095,USA
1000096,USA
1000097,UK
1000097,USA
1000098,USA
1000099,UK
1000099,USA
1000100,USA
1000101,USA
1000102,India
1000102,Spain
1000102,UK
1000102,USA
1000103,UK
1000103,USA
1000104,USA
1000104,UK
1000105,USA
1000106,USA
1000107,USA
1000108,USA
1000110,USA
1000111,USA
1000112,USA
1000113,USA
1000114,USA
1000115,USA
1000116,UK
1000116,USA
1000117,USA
1000118,USA
1000120,USA
1000121,USA
1000123,USA
1000124,UK
1000124,USA
1000125,USA
1000126,USA
1000127,USA
1000128,USA
1000129,USA
1000130,USA
1000131,USA
1000132,UK
1000132,USA
1000136,USA
1000137,New Zealand
1000137,USA
1000138,USA
1000139,USA
1000140,USA
1000141,USA
1000142,UK
1000142,USA
1000143,Japan
1000143,UK
1000143,USA
1000145,USA
1000146,USA
1000148,Japan
1000148,USA
1000149,UK
1000151,France
1000152,USA
1000153,USA
1000154,USA
1000156,New Zealand
1000156,USA
1000159,USA
1000160,USA
1000160,UK
1000161,USA
1000162,Austria
1000162,USA
1000164,USA
1000165,France
1000165,UK
1000165,USA
1000166,South Korea
1000167,USA
1000168,USA
1000169,UK
1000169,USA
1000170,UK
1000170,USA
1000171,USA
1000172,UK
1000172,USA
1000173,UK
1000173,USA
1000175,Brazil
1000175,Canada
1000175,UK
1000175,USA
1000176,USA
1000177,UK
1000177,USA
1000180,France
1000180,Germany
1000182,USA
1000183,USA
1000184,France
1000184,Greece
1000184,Ireland
1000184,Netherlands
1000184,UK
1000185,Italy
1000185,USA
1000187,UK
1000187,USA
1000188,USA
1000189,Japan
1000190,UK
1000190,USA
1000192,Japan
1000193,Australia
1000193,UK
1000194,USA
1000195,USA
1000196,USA
1000197,USA
1000199,Hong Kong
1000199,USA
1000200,USA
1000203,USA
1000204,UK
1000204,USA
1000205,UK
1000205,USA
1000206,UK
1000206,USA
1000207,USA
1000208,Germany
1000208,UK
1000208,USA
1000209,Japan
1000210,USA
1000211,USA
1000212,Canada
1000212,USA
1000213,USA
1000214,USA
1000216,USA
1000217,USA
1000218,USA
1000219,Spain
1000219,USA
1000220,UK
1000220,USA
1000221,USA
1000222,USA
1000223,USA
1000224,France
1000224,USA
1000225,UK
1000225,USA
1000228,USA
1000230,UK
1000230,USA
1000231,USA
1000232,USA
1000233,UK
1000233,USA
1000234,USA
1000235,UK
1000235,USA
1000236,USA
1000238,USA
1000240,USA
1000241,USA
1000243,USA
1000245,USA
1000246,UK
1000247,USA
1000248,USA
1000249,USA
1000250,Australia
1000250,USA
1000251,Canada
1000251,Hong Kong
1000251,Taiwan
1000251,USA
1000253,USA
1000254,USA
1000255,USA
1000256,USA
1000258,USA
1000259,USA
1000259,Australia
1000261,UK
1000261,USA
1000263,UK
1000263,USA
1000264,USA
1000265,USA
1000266,USA
1000267,USA
1000269,USA
1000270,USA
1000271,USA
1000272,USA
1000273,USA
1000274,USA
1000275,France
1000275,Hong Kong
1000275,Netherlands
1000276,USA
1000277,USA
1000279,USA
1000280,Germany
1000280,USA
1000282,USA
1000284,France
1000284,Germany
1000284,Poland
1000284,UK
1000284,USA
1000285,South Korea
1000286,USA
1000287,Canada
1000287,USA
1000288,USA
1000289,USA
1000290,USA
1000291,USA
1000292,USA
1000293,UK
1000293,USA
1000294,USA
1000295,USA
1000297,UK
1000297,USA
1000298,USA
1000299,USA
1000300,USA
1000301,USA
1000303,USA
1000305,UK
1000305,USA
1000305,Ireland
1000307,USA
1000308,USA
1000309,USA
1000310,USA
1000312,Germany
1000312,USA
1000313,USA
1000314,UK
1000314,USA
1000315,USA
1000316,USA
1000317,USA
1000319,Brazil
1000319,France
1000319,Germany
1000319,USA
1000320,USA
1000321,USA
1000323,USA
1000324,USA
1000325,Mexico
1000325,Spain
1000325,USA
1000326,UK
1000327,USA
1000328,USA
1000331,UK
1000331,USA
1000332,USA
1000333,France
1000334,USA
1000335,USA
1000336,UK
1000336,USA
1000340,USA
1000341,USA
1000342,UK
1000342,USA
1000343,South Korea
1000345,USA
1000346,Germany
1000346,USA
1000347,USA
1000348,USA
1000349,Japan
1000350,USA
1000352,China
1000352,USA
1000354,USA
1000355,USA
1000358,Finland
1000358,UK
1000358,USA
1000359,USA
1000360,USA
1000362,USA
1000363,USA
1000365,USA
1000366,USA
1000367,Japan
1000368,USA
1000369,South Korea
1000370,USA
1000371,USA
1000374,USA
1000378,USA
1000379,USA
1000380,Australia
1000380,Denmark
1000380,USA
1000381,USA
1000383,USA
1000384,USA
1000385,USA
1000386,USA
1000387,USA
1000390,USA
1000392,Finland
1000392,USA
1000393,USA
1000394,USA
1000395,USA
1000396,USA
1000397,USA
1000399,France
1000399,UK
1000399,USA
1000400,USA
1000400,Canada
1000401,USA
1000405,USA
1000406,France
1000406,UK
1000407,Czechia
1000407,South Korea
1000408,USA
1000409,USA
1000410,USA
1000411,Canada
1000411,Ireland
1000411,UK
1000411,USA
1000412,Germany
1000412,UK
1000412,USA
1000413,USA
1000415,USA
1000416,USA
1000417,USA
1000418,UK
1000418,USA
1000419,UK
1000419,USA
1000420,Canada
1000420,Ireland
1000420,USA
1000421,USA
1000423,UK
1000423,USA
1000424,USA
1000425,USA
1000426,Hong Kong
1000426,Mexico
1000426,USA
1000428,China
1000428,USA
1000429,UK
1000429,USA
1000431,UK
1000431,USA
1000433,USA
1000434,UK
1000434,USA
1000435,USA
1000436,USA
1000437,USA
1000438,Canada
1000438,USA
1000439,Ireland
1000439,New Zealand
1000439,USA
1000440,USA
1000444,USA
1000446,UK
1000446,USA
1000447,France
1000447,Japan
1000447,USA
1000448,USA
1000449,USA
1000450,USA
1000453,USA
1000454,Italy
1000454,USA
1000455,South Korea
1000457,USA
1000457,UK
1000460,USA
1000461,UK
1000461,USA
1000464,Australia
1000464,USA
1000466,New Zealand
1000466,USA
1000467,Canada
1000467,USA
1000469,USA
1000471,USA
1000472,USA
1000473,USA
1000474,USA
1000475,USA
1000476,USA
1000477,Canada
1000477,India
1000477,Taiwan
1000477,UK
1000477,USA
1000479,USA
1000480,USA
1000480,Australia
1000481,USA
1000481,France
1000482,USA
1000483,USA
1000484,USA
1000485,USA
1000486,Australia
1000486,USA
1000488,USA
1000489,USA
1000490,UK
1000490,USA
1000493,Canada
1000493,Singapore
1000493,USA
1000499,New Zealand
1000499,USA
1000500,Switzerland
1000500,USA
1000501,USA
1000502,USA
1000503,USA
1000503,UK
1000504,USA
1000505,USA
1000505,UK
1000506,USA
1000507,USA
1000508,USA
1000509,UK
1000509,USA
1000509,Mexico
1000510,USA
1000511,USA
1000512,USA
1000513,UK
1000513,USA
1000514,Chile
1000514,Germany
1000514,UK
1000514,USA
1000515,USA
1000516,USA
1000517,USA
1000519,USA
1000520,France
1000520,USA
1000522,USA
1000523,USA
1000524,Sweden
1000524,USA
1000525,USA
1000527,USA
1000529,Japan
1000530,USA
1000531,USA
1000532,USA
1000533,Canada
1000533,France
1000533,Spain
1000534,USA
1000535,USA
1000537,Japan
1000538,USA
1000539,USA
1000540,UK
1000540,USA
1000541,Belgium
1000541,France
1000541,USA
1000545,USA
1000547,UK
1000547,France
1000547,USA
1000548,Canada
1000548,France
1000548,USA
1000549,Australia
1000549,Denmark
1000549,USA
1000551,UK
1000551,USA
1000552,USA
1000553,USA
1000554,USA
1000555,USA
1000556,USA
1000558,France
1000558,UK
1000558,USA
1000559,USA
1000560,USA
1000561,USA
1000562,USA
1000563,UK
1000563,USA
1000565,Australia
1000565,Canada
1000566,UK
1000566,USA
1000567,China
1000567,Japan
1000567,USA
1000568,UK
1000568,USA
1000570,Greece
1000570,USA
1000571,Canada
1000571,USA
1000572,UK
1000572,USA
1000573,UK
1000575,USA
1000577,Hong Kong
1000577,USA
1000580,Canada
1000580,USA
1000581,USA
1000582,UK
1000582,USA
1000583,USA
1000584,UK
1000584,USA
1000585,USA
1000585,UK
1000586,USA
1000587,USA
1000590,Denmark
1000590,Sweden
1000591,USA
1000592,South Korea
1000593,Australia
1000593,United Arab Emirates
1000593,USA
1000594,UK
1000595,UK
1000595,USA
1000596,USA
1000597,Italy
1000598,USA
1000599,USA
1000600,Belgium
1000600,France
1000602,USA
1000603,USA
1000604,USA
1000605,USA
1000606,USA
1000607,USA
1000608,USA
1000609,USA
1000611,Malta
1000611,UK
1000611,USA
1000613,UK
1000613,India
1000614,USA
1000615,Australia
1000615,Mexico
1000615,USA
1000618,USA
1000621,USA
1000622,USA
1000623,USA
1000625,USA
1000626,New Zealand
1000626,USA
1000627,USA
1000628,UK
1000628,USA
1000629,USA
1000630,UK
1000630,USA
1000631,Canada
1000631,France
1000631,Hungary
1000631,USA
1000632,USA
1000633,USA
1000634,USA
1000635,USA
1000636,USA
1000637,USA
1000639,USA
1000640,USA
1000641,USA
1000643,France
1000643,UK
1000644,USA
1000645,USA
1000646,France
1000646,USA
1000647,USA
1000648,USA
1000649,USA
1000650,USA
1000651,USA
1000652,Canada
1000652,USA
1000654,Ireland
1000654,UK
1000657,USA
1000658,USA
1000659,USA
1000660,USA
1000661,USA
1000662,UK
1000662,USA
1000663,USA
1000664,USA
1000666,USA
1000667,Spain
1000667,UK
1000667,USA
1000672,USA
1000673,USA
1000674,China
1000674,USA
1000675,USA
1000676,USA
1000677,USA
1000678,USA
1000679,USA
1000680,USA
1000681,USA
1000682,USA
1000683,UK
1000683,USA
1000684,New Zealand
1000684,USA
1000687,UK
1000687,USA
1000688,France
1000689,Australia
1000689,USA
1000689,UK
1000692,Brazil
1000692,China
1000692,USA
1000693,USA
1000694,USA
1000694,Netherlands
1000695,USA
1000696,USA
1000698,USA
1000700,USA
1000701,USA
1000702,USA
1000704,USA
1000705,USA
1000706,Canada
1000706,USA
1000707,USA
1000708,Canada
1000708,USA
1000709,USA
1000710,USA
1000711,Greece
1000712,USA
1000713,Japan
1000715,USA
1000719,USA
1000720,USA
1000721,USA
1000722,France
1000722,Ireland
1000722,UK
1000722,USA
1000723,USA
1000724,USA
1000725,Denmark
1000725,France
1000725,Germany
1000725,Sweden
1000727,India
1000730,USA
1000731,France
1000732,Japan
1000734,Japan
1000734,South Korea
1000735,USA
1000736,USA
1000737,USA
1000738,USA
1000740,USA
1000740,UK
1000741,USA
1000742,India
1000742,United Arab Emirates
1000742,USA
1000743,USA
1000743,UK
1000743,France
1000744,Canada
1000744,France
1000745,USA
1000747,USA
1000748,UK
1000748,USA
1000749,USA
1000751,USA
1000752,USA
1000753,USA
1000754,USA
1000757,USA
1000759,USA
1000760,Germany
1000760,USA
1000761,USA
1000762,UK
1000762,USA
1000765,USA
1000766,USA
1000767,USA
1000768,USA
1000769,China
1000769,USA
1000770,UK
1000770,USA
1000771,USA
1000773,UK
1000773,USA
1000774,UK
1000774,USA
1000775,USA
1000776,UK
1000776,USA
1000777,USA
1000778,Spain
1000778,USA
1000778,UK
1000779,USA
1000780,USA
1000781,Japan
1000781,USA
1000782,USA
1000784,USA
1000785,USA
1000786,USA
1000787,USA
1000788,France
1000788,UK
1000788,USA
1000789,UK
1000789,USA
1000790,France
1000790,UK
1000790,USA
1000791,USA
1000792,UK
1000792,USA
1000793,USA
1000794,UK
1000794,USA
1000795,Japan
1000796,USA
1000797,USA
1000798,USA
1000799,Canada
1000799,USA
1000800,USA
1000801,New Zealand
1000801,South Africa
1000801,USA
1000802,USA
1000803,USA
1000804,UK
1000806,USA
1000808,USA
1000809,UK
1000809,USA
1000810,USA
1000812,USA
1000813,USA
1000814,USA
1000815,USA
1000816,USA
1000817,Italy
1000817,USA
1000818,Canada
1000821,USA
1000822,USA
1000824,Canada
1000824,UK
1000824,USA
1000825,USA
1000826,USA
1000828,USA
1000829,Japan
1000829,UK
1000833,USA
1000834,UK
1000834,USA
1000834,Turkey
1000835,UK
1000835,USA
1000836,France
1000836,UK
1000836,USA
1000838,UK
1000838,USA
1000839,USA
1000842,USA
1000844,Germany
1000844,UK
1000846,USA
1000848,USA
1000849,France
1000849,USA
1000850,USA
1000851,USA
1000852,USA
1000853,Japan
1000854,USA
1000856,USA
1000857,USA
1000858,Canada
1000858,USA
1000859,USA
1000860,USA
1000861,Bulgaria
1000861,Canada
1000861,USA
1000863,USA
1000865,Japan
1000866,USA
1000867,UK
1000867,USA
1000868,USA
1000869,USA
1000870,USA
1000872,New Zealand
1000872,UK
1000872,USA
1000873,USA
1000875,UK
1000875,USA
1000876,USA
1000877,Germany
1000877,USA
1000879,USA
1000880,USA
1000881,UK
1000881,USA
1000882,USA
1000883,USA
1000884,USA
1000885,USA
1000886,USA
1000887,Denmark
1000887,France
1000887,USA
1000887,Belgium
1000888,France
1000888,UK
1000889,USA
1000890,USA
1000891,UK
1000891,USA
1000892,Mexico
1000893,Canada
1000893,France
1000893,Germany
1000893,USA
1000895,USA
1000896,USA
1000897,USA
1000898,USA
1000899,Spain
1000899,USA
1000900,USA
1000901,UK
1000901,USA
1000902,Australia
1000902,USA
1000905,USA
1000906,Spain
1000909,UK
1000909,USA
1000910,USA
1000911,USA
1000912,France
1000912,UK
1000912,USA
1000914,USA
1000917,USA
1000918,UK
1000919,Ireland
1000919,UK
1000919,USA
1000921,USA
1000922,Canada
1000922,France
1000922,Germany
1000922,Italy
1000923,UK
1000923,USA
1000926,USA
1000927,USA
1000930,Japan
1000930,USA
1000932,USA
1000933,Austria
1000933,France
1000934,Greece
1000934,UK
1000934,USA
1000938,USA
1000939,USA
1000940,Germany
1000940,Canada
1000940,USA
1000941,USA
1000942,France
1000942,USA
1000944,Japan
1000945,USA
1000947,USA
1000948,USA
1000949,UK
1000950,USA
1000951,USA
1000952,USA
1000953,USA
1000954,USA
1000955,Switzerland
1000955,USA
1000956,USA
1000959,USA
1000960,Canada
1000960,USA
1000963,USA
1000964,USA
1000965,USA
1000968,USA
1000969,Mexico
1000969,USA
1000970,USA
1000971,USA
1000972,Hong Kong
1000972,USA
1000973,Canada
1000973,USA
1000975,Germany
1000975,USA
1000976,USA
1000978,USA
1000981,Japan
1000982,USA
1000984,USA
1000985,UK
1000985,USA
1000986,Canada
1000986,France
1000986,Greece
1000986,UK
1000988,USA
1000989,UK
1000989,USA
1000990,USA
1000991,China
1000991,Japan
1000991,USA
1000992,USA
1000993,France
1000993,UK
1000993,USA
1000994,Germany
1000994,USA
1000995,USA
1000996,USA
1000997,UK
1000997,USA
1000998,Australia
1000998,UK
1000998,USA
1001000,USA
1001001,Canada
1001001,USA
1001002,USA
1001003,USA
1001004,UK
1001004,USA
1001005,USA
1001006,USA
1001007,Mexico
1001007,Taiwan
1001007,USA
1001008,USA
1001010,USA
1001011,USA
1001012,USA
1001012,Canada
1001013,USA
1001013,Germany
1001014,USA
1001016,USA
1001018,USA
1001019,USA
1001021,USA
1001022,USA
1001022,Canada
1001024,France
1001025,USA
1001026,USA
1001027,USA
1001027,Germany
1001027,Czechia
1001029,USA
1001031,USA
1001032,USA
1001033,Japan
1001036,USA
1001037,Japan
1001037,South Korea
1001038,USA
1001039,USA
1001039,UK
1001040,USA
1001041,USA
1001043,Spain
1001046,Canada
1001046,USA
1001047,Germany
1001047,USA
1001050,USA
1001051,USA
1001052,France
1001052,Japan
1001052,USA
1001053,France
1001053,Germany
1001053,USA
1001054,USA
1001055,USA
1001057,USA
1001058,USA
1001059,USA
1001061,UK
1001062,USA
1001066,USA
1001067,USA
1001071,USA
1001074,China
1001074,USA
1001076,Japan
1001077,USA
1001078,USA
1001079,USA
1001080,Canada
1001081,UK
1001081,USA
1001083,UK
1001083,USA
1001085,UK
1001086,Japan
1001086,USA
1001087,USA
1001089,USA
1001090,France
1001090,USA
1001091,USA
1001092,South Korea
1001094,USA
1001096,UK
1001096,USA
1001098,USA
1001099,USA
1001100,USA
1001101,USA
1001102,USA
1001103,China
1001103,USA
1001104,UK
1001104,USA
1001106,USA
1001109,USA
1001111,UK
1001111,USA
1001112,UK
1001112,USA
1001114,New Zealand
1001114,USA
1001114,Germany
1001115,Belgium
1001115,Denmark
1001115,Ireland
1001116,Japan
1001116,USA
1001117,USA
1001118,Japan
1001119,USA
1001122,USA
1001123,Argentina
1001123,USA
1001124,USA
1001125,Germany
1001125,USA
1001126,USA
1001127,USA
1001128,USA
1001129,USA
1001130,USA
1001131,USA
1001131,Mexico
1001133,USA
1001135,France
1001135,UK
1001135,USA
1001136,USA
1001137,USA
1001138,Iceland
1001138,Poland
1001138,Sweden
1001140,UK
1001140,New Zealand
1001140,USA
1001141,USA
1001142,USA
1001143,UK
1001143,USA
1001144,UK
1001144,USA
1001145,France
1001145,USA
1001146,USA
1001147,USA
1001148,USA
1001149,USA
1001150,South Korea
1001150,USA
1001152,USA
1001153,USA
1001154,USA
1001155,USA
1001158,Germany
1001158,Denmark
1001158,France
1001158,Italy
1001158,Poland
1001158,Sweden
1001160,USA
1001160,United Arab Emirates
1001161,USA
1001162,USA
1001163,USA
1001163,UK
1001163,Canada
1001164,USA
1001165,Germany
1001165,USA
1001166,USA
1001167,Germany
1001167,USA
1001169,China
1001169,Hong Kong
1001169,Taiwan
1001169,USA
1001170,Japan
1001170,USA
1001171,USA
1001172,USA
1001175,USA
1001176,USA
1001177,USA
1001179,USA
1001181,Spain
1001181,France
1001184,USA
1001185,USA
1001186,UK
1001186,USA
1001187,USA
1001188,USA
1001189,USA
1001190,USA
1001191,USA
1001192,France
1001192,Italy
1001192,UK
1001195,UK
1001195,USA
1001196,USA
1001197,USA
1001198,Sweden
1001198,Germany
1001198,Hungary
1001198,USA
1001199,USA
1001200,USA
1001201,USA
1001202,Canada
1001202,Japan
1001202,USA
1001203,Australia
1001203,China
1001203,UK
1001203,USA
1001204,USA
1001205,USA
1001206,USA
1001208,USA
1001209,USA
1001210,USA
1001212,Australia
1001212,Canada
1001212,UK
1001212,USA
1001213,USA
1001214,New Zealand
1001214,USA
1001215,Canada
1001215,Ireland
1001215,UK
1001216,USA
1001217,Sweden
1001217,USA
1001219,Denmark
1001219,Finland
1001219,France
1001219,Germany
1001219,Netherlands
1001219,Norway
1001219,Sweden
1001219,UK
1001220,Canada
1001220,UK
1001220,USA
1001222,Germany
1001222,Sweden
1001223,UK
1001223,USA
1001224,Germany
1001224,UK
1001224,USA
1001225,Greece
1001225,USA
1001227,USA
1001228,USA
1001228,UK
1001230,Australia
1001230,USA
1001231,USA
1001232,USA
1001232,UK
1001233,Belgium
1001233,UK
1001233,USA
1001234,USA
1001235,USA
1001238,USA
1001239,USA
1001240,UK
1001240,USA
1001242,USA
1001244,USA
1001246,Japan
1001246,USA
1001246,Belgium
1001246,Canada
1001247,Germany
1001247,USA
1001248,Argentina
1001248,Denmark
1001248,Finland
1001248,France
1001248,Germany
1001248,Iceland
1001248,Italy
1001248,Netherlands
1001248,Norway
1001248,Sweden
1001248,UK
1001248,USA
1001249,UK
1001249,USA
1001252,UK
1001252,USA
1001253,USA
1001253,Malta
1001253,UK
1001254,USA
1001256,Canada
1001256,Finland
1001257,Australia
1001257,USA
1001258,Canada
1001258,UK
1001258,USA
1001259,USA
1001260,France
1001260,Indonesia
1001260,USA
1001262,USA
1001263,USA
1001264,USA
1001266,USA
1001267,USA
1001268,USA
1001269,USA
1001271,South Korea
1001272,USA
1001274,USA
1001275,Germany
1001275,USA
1001276,USA
1001277,Spain
1001277,USA
1001279,Belgium
1001279,France
1001279,UK
1001280,USA
1001281,USA
1001283,USA
1001284,USA
1001285,USA
1001286,USA
1001287,USA
1001288,USA
1001291,USA
1001292,USA
1001293,USA
1001294,USA
1001294,Slovenia
1001295,USA
1001297,USA
1001299,UK
1001299,USA
1001301,USA
1001305,Japan
1001305,USA
1001307,USA
1001308,Canada
1001308,France
1001309,United Arab Emirates
1001309,USA
1001312,India
1001312,USA
1001313,UK
1001313,USA
1001315,China
1001315,USA
1001316,UK
1001316,USA
1001319,UK
1001320,USA
1001322,USA
1001324,USA
1001326,USA
1001327,USA
1001328,USA
1001330,France
1001330,Germany
1001330,Poland
1001330,UK
1001330,USA
1001331,USA
1001333,USA
1001334,USA
1001335,UK
1001335,USA
1001337,UK
1001337,USA
1001338,USA
1001338,Germany
1001339,USA
1001346,USA
1001347,Japan
1001350,USA
1001352,USA
1001353,USA
1001354,USA
1001357,USA
1001357,UK
1001357,France
1001363,USA
1001364,USA
1001365,France
1001365,Iran
1001366,UK
1001368,UK
1001368,USA
1001372,USA
1001374,USA
1001376,France
1001377,USA
1001379,Canada
1001379,France
1001379,USA
1001380,UK
1001380,USA
1001381,USA
1001382,USA
1001383,Japan
1001384,USA
1001385,USA
1001386,USA
1001388,USA
1001391,Chile
1001391,China
1001391,France
1001391,USA
1001392,USA
1001393,USA
1001394,USA
1001395,USA
1001396,USA
1001397,USA
1001398,UK
1001398,USA
1001401,USA
1001404,USA
1001405,South Korea
1001406,Canada
1001406,UK
1001406,USA
1001407,USA
1001408,UK
1001408,USA
1001409,USA
1001410,USA
1001412,India
1001412,USA
1001413,USA
1001414,USA
1001415,USA
1001416,China
1001416,USA
1001417,USA
1001418,Germany
1001418,USA
1001419,UK
1001419,USA
1001420,France
1001420,UK
1001420,USA
1001421,USA
1001423,USA
1001425,USA
1001426,USA
1001428,Canada
1001428,USA
1001428,UK
1001429,USA
1001431,Mexico
1001433,USA
1001435,USA
1001436,USA
1001437,USA
1001438,Spain
1001438,USA
1001443,USA
1001447,Canada
1001447,USA
1001448,USA
1001449,USA
1001450,USA
1001453,USA
1001454,USA
1001455,UK
1001455,USA
1001457,Belgium
1001457,UK
1001457,USA
1001458,Germany
1001459,France
1001459,USA
1001460,USA
1001461,USA
1001464,USA
1001465,Japan
1001465,USA
1001466,USA
1001466,France
1001470,USA
1001470,United Arab Emirates
1001471,USA
1001472,UK
1001472,USA
1001473,USA
1001474,USA
1001475,UK
1001475,USA
1001477,USA
1001481,China
1001481,France
1001481,Ireland
1001481,Luxembourg
1001481,USA
1001482,USA
1001483,France
1001483,Poland
1001483,USA
1001484,USA
1001485,France
1001485,Germany
1001485,Spain
1001485,USA
1001487,France
1001487,Switzerland
1001488,UK
1001488,USA
1001490,USA
1001491,USA
1001492,USA
1001493,USA
1001494,UK
1001494,USA
1001495,USA
1001496,China
1001496,USA
1001497,USA
1001498,Japan
1001499,USA
1001500,USA
1001501,USA
1001503,USA
1001505,USA
1001505,UK
1001505,Germany
1001506,USA
1001507,Germany
1001507,Belgium
1001507,Denmark
1001507,France
1001510,USA
1001510,Canada
1001511,Iran
1001512,USA
1001515,Japan
1001515,USA
1001516,Japan
1001517,Germany
1001517,USA
1001518,Canada
1001518,Germany
1001518,UK
1001518,USA
1001519,Argentina
1001519,Spain
1001521,Japan
1001522,USA
1001523,USA
1001526,USA
1001526,Canada
1001531,UK
1001531,USA
1001533,USA
1001534,Germany
1001534,UK
1001534,USA
1001535,France
1001535,Mexico
1001535,USA
1001537,USA
1001538,USA
1001540,USA
1001541,Denmark
1001541,France
1001541,Sweden
1001541,USA
1001542,USA
1001545,South Africa
1001545,UK
1001545,USA
1001545,India
1001546,UK
1001546,USA
1001547,USA
1001549,India
1001549,USA
1001549,Germany
1001550,USA
1001551,USA
1001553,UK
1001553,USA
1001556,USA
1001557,USA
1001558,Canada
1001558,USA
1001559,USA
1001560,UK
1001560,USA
1001561,USA
1001564,Germany
1001564,USA
1001565,Germany
1001565,USA
1001565,Australia
1001567,France
1001569,Belgium
1001569,Canada
1001569,France
1001569,Germany
1001570,USA
1001571,USA
1001572,New Zealand
1001572,USA
1001573,USA
1001575,USA
1001576,USA
1001578,Iceland
1001578,UK
1001578,USA
1001579,USA
1001581,USA
1001582,France
1001582,UK
1001582,USA
1001584,UK
1001584,USA
1001585,USA
1001586,USA
1001587,Canada
1001587,UK
1001587,USA
1001588,USA
1001589,Japan
1001590,Canada
1001590,USA
1001590,Philippines
1001591,Czechia
1001591,Poland
1001591,Slovenia
1001591,USA
1001593,USA
1001594,USA
1001595,USA
1001597,USA
1001600,USA
1001601,Belgium
1001601,France
1001601,Germany
1001601,Greece
1001601,Japan
1001601,Mexico
1001601,Switzerland
1001602,USA
1001603,Germany
1001603,USA
1001605,UK
1001606,USA
1001608,USA
1001610,USA
1001611,USA
1001612,USA
1001614,UK
1001614,USA
1001617,Canada
1001617,Hong Kong
1001617,USA
1001619,USA
1001621,USA
1001623,Canada
1001623,USA
1001624,France
1001624,USA
1001625,USA
1001627,USA
1001628,USA
1001629,USA
1001631,Germany
1001631,UK
1001631,USA
1001633,UK
1001633,USA
1001635,Germany
1001635,USA
1001636,Japan
1001640,USA
1001644,USA
1001644,Japan
1001644,Sweden
1001645,Germany
1001645,France
1001646,Canada
1001647,Belgium
1001647,France
1001648,USA
1001649,UK
1001649,USA
1001651,USA
1001656,Australia
1001656,Denmark
1001656,USA
1001657,Canada
1001658,USA
1001659,USA
1001661,USA
1001662,UK
1001662,USA
1001664,Canada
1001664,USA
1001668,USA
1001668,UK
1001669,Australia
1001670,China
1001670,France
1001670,India
1001670,USA
1001672,USA
1001677,USA
1001679,Japan
1001681,USA
1001682,USA
1001683,Canada
1001683,USA
1001689,Canada
1001689,France
1001689,Japan
1001690,USA
1001692,USA
1001693,USA
1001695,USA
1001699,UK
1001699,USA
1001700,Japan
1001700,USA
1001701,USA
1001702,UK
1001702,USA
1001703,USA
1001704,Canada
1001704,USA
1001705,USA
1001706,USA
1001707,Australia
1001709,Japan
1001710,USA
1001710,France
1001711,Germany
1001711,Spain
1001711,UK
1001711,USA
1001712,Australia
1001712,UK
1001712,USA
1001714,USA
1001715,France
1001715,Spain
1001716,Japan
1001717,USA
1001718,USA
1001719,USA
1001720,USA
1001720,UK
1001721,USA
1001722,USA
1001724,USA
1001726,USA
1001727,USA
1001731,Spain
1001731,USA
1001734,USA
1001737,USA
1001739,USA
1001740,Canada
1001740,Germany
1001740,USA
1001741,India
1001741,USA
1001742,China
1001742,USA
1001744,USA
1001746,UK
1001746,USA
1001747,UK
1001747,USA
1001748,UK
1001748,USA
1001749,USA
1001751,China
1001751,Sweden
1001751,UK
1001751,USA
1001752,UK
1001752,USA
1001755,USA
1001757,Austria
1001757,France
1001757,Germany
1001757,Italy
1001757,UK
1001757,USA
1001758,UK
1001759,USA
1001760,USA
1001761,Canada
1001761,USA
1001764,Canada
1001764,USA
1001765,United Arab Emirates
1001765,USA
1001766,UK
1001766,USA
1001768,USA
1001770,USA
1001772,USA
1001775,USA
1001778,Canada
1001778,France
1001778,Germany
1001778,UK
1001778,USA
1001780,USA
1001782,UK
1001782,USA
1001783,USA
1001784,USA
1001786,USA
1001787,Japan
1001788,USA
1001789,UK
1001789,USA
1001790,Canada
1001790,USA
1001791,USA
1001793,USA
1001794,USA
1001796,USA
1001797,USA
1001799,USA
1001800,USA
1001803,Canada
1001803,USA
1001804,USA
1001808,USA
1001810,USA
1001811,Germany
1001813,USA
1001817,USA
1001818,USA
1001820,Malaysia
1001820,Portugal
1001820,USA
1001822,USA
1001824,USA
1001825,USA
1001827,Canada
1001827,UK
1001827,USA
1001828,USA
1001830,USA
1001832,USA
1001833,USA
1001835,USA
1001837,USA
1001840,Japan
1001841,UK
1001842,UK
1001843,Japan
1001844,USA
1001845,UK
1001845,USA
1001846,UK
1001846,USA
1001847,USA
1001847,Canada
1001850,USA
1001851,USA
1001852,USA
1001854,USA
1001855,USA
1001856,UK
1001856,USA
1001856,Canada
1001858,USA
1001859,USA
1001860,USA
1001861,UK
1001862,USA
1001863,USA
1001864,USA
1001865,Australia
1001865,USA
1001866,USA
1001867,South Korea
1001868,USA
1001871,USA
1001874,UK
1001874,USA
1001875,USA
1001877,USA
1001878,USA
1001879,Germany
1001879,UK
1001879,USA
1001881,USA
1001882,USA
1001887,Australia
1001887,Canada
1001887,France
1001887,USA
1001888,UK
1001888,USA
1001889,France
1001889,UK
1001889,USA
1001890,USA
1001890,France
1001892,USA
1001895,USA
1001897,USA
1001899,UK
1001902,USA
1001903,Germany
1001903,Italy
1001903,USA
1001904,Canada
1001904,Serbia
1001904,USA
1001910,Spain
1001910,UK
1001910,USA
1001911,USA
1001912,USA
1001914,USA
1001916,USA
1001917,France
1001917,Germany
1001917,Turkey
1001918,USA
1001920,USA
1001921,Japan
1001921,UK
1001921,USA
1001922,USA
1001925,Germany
1001925,USA
1001927,USA
1001928,USA
1001929,USA
1001931,UK
1001931,USA
1001932,Finland
1001932,UK
1001932,USA
1001933,USA
1001934,Austria
1001934,USA
1001935,USA
1001938,USA
1001939,USA
1001942,Spain
1001942,USA
1001944,USA
1001945,USA
1001948,USA
1001950,Belgium
1001950,China
1001950,France
1001950,Germany
1001950,USA
1001951,Canada
1001951,Japan
1001951,New Zealand
1001951,USA
1001952,USA
1001955,USA
1001955,Czechia
1001957,USA
1001959,USA
1001960,Denmark
1001960,Norway
1001960,UK
1001961,USA
1001962,China
1001962,Hong Kong
1001962,India
1001962,USA
1001963,USA
1001964,USA
1001965,USA
1001966,USA
1001969,USA
1001970,USA
1001971,Australia
1001972,USA
1001973,France
1001974,USA
1001976,South Korea
1001979,USA
1001984,UK
1001986,China
1001986,USA
1001987,USA
1001988,USA
1001990,USA
1001991,USA
1001992,USA
1001993,USA
1001996,USA
1001997,USA
1001998,USA
1001998,UK
1001998,France
1002001,Canada
1002001,USA
1002003,China
1002003,USA
1002005,Brazil
1002005,France
1002006,USA
1002007,UK
1002007,USA
1002008,USA
1002010,Denmark
1002010,Sweden
1002013,USA
1002014,South Korea
1002024,USA
1002026,UK
1002026,USA
1002027,UK
1002027,Germany
1002027,USA
1002030,USA
1002033,Australia
1002033,USA
1002034,USA
1002035,USA
1002037,USA
1002040,USA
1002043,USA
1002045,USA
1002046,USA
1002047,Australia
1002047,USA
1002047,UK
1002048,USA
1002049,USA
1002050,Italy
1002050,Poland
1002053,USA
1002055,UK
1002055,USA
1002057,USA
1002061,USA
1002062,Germany
1002062,USA
1002064,Germany
1002064,USA
1002064,Japan
1002069,France
1002069,USA
1002069,Germany
1002070,Hungary
1002070,USA
1002074,UK
1002074,USA
1002076,Belgium
1002076,Germany
1002076,France
1002076,Romania
1002076,UK
1002076,USA
1002079,France
1002079,UK
1002079,USA
1002081,China
1002081,Colombia
1002081,France
1002081,Germany
1002081,Mexico
1002081,Switzerland
1002081,Thailand
1002081,UK
1002081,USA
1002082,France
1002082,UK
1002082,USA
1002083,USA
1002084,USA
1002093,USA
1002093,UK
1002093,Ireland
1002094,USA
1002098,USA
1002098,UK
1002103,USA
1002104,UK
1002104,USA
1002106,USA
1002108,Belgium
1002108,France
1002108,Germany
1002108,Spain
1002108,USA
1002109,Bulgaria
1002109,Canada
1002109,France
1002109,Hong Kong
1002109,Netherlands
1002109,USA
1002109,UK
1002110,Canada
1002110,USA
1002112,USA
1002114,USA
1002116,Switzerland
1002116,USA
1002124,USA
1002126,USA
1002128,UK
1002128,USA
1002130,USA
1002130,Canada
1002131,USA
1002133,USA
1002137,UK
1002138,USA
1002141,USA
1002142,USA
1002143,Taiwan
1002145,USA
1002149,USA
1002151,Japan
1002152,Canada
1002152,USA
1002155,USA
1002156,Germany
1002156,Hungary
1002156,USA
1002157,USA
1002159,Germany
1002159,USA
1002160,USA
1002162,USA
1002163,USA
1002167,Denmark
1002167,France
1002167,Norway
1002167,Sweden
1002170,USA
1002172,Hong Kong
1002172,UK
1002172,USA
1002174,USA
1002175,USA
1002177,USA
1002179,Japan
1002183,USA
1002186,France
1002186,Japan
1002187,UK
1002187,USA
1002190,Australia
1002190,USA
1002190,UK
1002193,China
1002193,USA
1002194,USA
1002196,UK
1002196,USA
1002200,Germany
1002200,UK
1002200,USA
1002201,Australia
1002201,USA
1002202,Australia
1002202,Spain
1002202,USA
1002205,USA
1002207,South Africa
1002207,USA
1002208,USA
1002213,Spain
1002213,USA
1002220,USA
1002223,USA
1002226,USA
1002230,UK
1002230,USA
1002231,India
1002231,USA
1002232,India
1002232,USA
1002236,USA
1002238,USA
1002242,UK
1002242,USA
1002243,USA
1002244,USA
1002248,Canada
1002248,USA
1002249,Canada
1002249,USA
1002249,Australia
1002252,France
1002252,Japan
1002252,USA
1002254,USA
1002256,Luxembourg
1002256,USA
1002258,UK
1002258,USA
1002261,China
1002261,Japan
1002261,USA
1002262,USA
1002265,Australia
1002265,USA
1002266,USA
1002270,USA
1002272,Canada
1002272,USA
1002273,UK
1002273,USA
1002275,Canada
1002275,USA
1002276,USA
1002278,USA
1002282,New Zealand
1002282,UK
1002282,USA
1002283,Germany
1002283,USA
1002285,USA
1002286,USA
1002288,USA
1002289,Cyprus
1002289,France
1002289,Lebanon
1002289,Qatar
1002289,UK
1002289,USA
1002290,Germany
1002290,USA
1002291,New Zealand
1002291,USA
1002304,USA
1002305,USA
1002312,Italy
1002312,USA
1002315,USA
1002318,Belgium
1002318,France
1002319,Germany
1002319,India
1002319,UK
1002319,USA
1002320,USA
1002322,UK
1002322,USA
1002329,UK
1002329,Ireland
1002329,USA
1002334,USA
1002338,USA
1002340,USA
1002342,USA
1002345,USA
1002347,Spain
1002347,USA
1002347,UK
1002348,USA
1002350,USA
1002353,USA
1002354,Belgium
1002354,Germany
1002354,New Zealand
1002354,UK
1002354,USA
1002358,USA
1002359,USA
1002361,South Korea
1002362,USA
1002363,USA
1002364,China
1002364,Japan
1002364,USA
1002367,France
1002367,USA
1002368,Canada
1002368,USA
1002371,USA
1002372,UK
1002372,USA
1002374,USA
1002375,Belgium
1002375,France
1002380,South Korea
1002381,USA
1002382,Bulgaria
1002382,USA
1002386,USA
1002388,Brazil
1002388,USA
1002392,UK
1002392,USA
1002395,USA
1002397,USA
1002398,USA
1002399,USA
1002402,UK
1002402,USA
1002404,USA
1002405,USA
1002407,USA
1002412,USA
1002412,UK
1002413,Canada
1002413,USA
1002415,USA
1002417,Finland
1002417,USA
1002419,USA
1002420,USA
1002420,Japan
1002423,USA
1002425,USA
1002429,USA
1002437,USA
1002448,UK
1002448,USA
1002455,USA
1002458,Iceland
1002458,USA
1002458,UK
1002461,USA
1002466,USA
1002469,Mexico
1002476,Japan
1002478,USA
1002481,USA
1002483,USA
1002485,USA
1002493,USA
1002498,Canada
1002498,USA
1002506,South Korea
1002507,UK
1002507,USA
1002508,Canada
1002508,USA
1002511,USA
1002513,Chile
1002517,Australia
1002517,Canada
1002517,UK
1002517,USA
1002519,USA
1002524,USA
1002525,USA
1002525,Mexico
1002525,Turkey
1002527,Canada
1002527,South Korea
1002527,Spain
1002527,USA
1002529,Chile
1002529,Germany
1002531,Canada
1002531,USA
1002532,Denmark
1002532,Spain
1002532,France
1002532,Iceland
1002532,Norway
1002532,Netherlands
1002532,UK
1002532,Sweden
1002536,USA
1002537,South Korea
1002538,USA
1002542,China
1002542,USA
1002543,USA
1002554,USA
1002555,USA
1002555,Italy
1002557,USA
1002559,USA
1002560,USA
1002574,USA
1002575,UK
1002575,USA
1002578,South Korea
1002586,Czechia
1002586,France
1002586,UK
1002588,USA
1002590,Canada
1002590,USA
1002591,USA
1002592,USA
1002593,France
1002593,USA
1002596,Canada
1002596,USA
1002599,Canada
1002599,USA
1002601,UK
1002601,USA
1002603,USA
1002606,France
1002607,USA
1002610,USA
1002614,USA
1002614,Australia
1002615,USA
1002616,India
1002616,USA
1002617,UK
1002617,USA
1002626,Japan
1002627,China
1002627,UK
1002627,USA
1002631,Australia
1002631,USA
1002639,UK
1002639,USA
1002650,UK
1002650,USA
1002651,Belgium
1002651,France
1002651,Romania
1002651,Spain
1002651,USA
1002654,USA
1002655,USA
1002657,Germany
1002657,USA
1002659,USA
1002660,USA
1002667,USA
1002668,USA
1002671,UK
1002679,USA
1002685,UK
1002685,USA
1002686,USA
1002690,USA
1002693,Canada
1002693,UK
1002693,USA
1002698,USA
1002699,UK
1002699,USA
1002701,USA
1002706,USA
1002707,USA
1002709,Australia
1002709,China
1002709,USA
1002711,USA
1002712,USA
1002713,Bahamas
1002713,Canada
1002713,USA
1002716,UK
1002716,USA
1002719,USA
1002721,France
1002721,UK
1002721,USA
1002723,Belgium
1002723,France
1002727,France
1002727,Switzerland
1002727,UK
1002727,USA
1002728,USA
1002746,UK
1002746,USA
1002747,Turkey
1002747,UK
1002747,USA
1002748,USA
1002752,USA
1002758,USA
1002772,USA
1002773,Ireland
1002773,UK
1002773,USA
1002776,USA
1002777,USA
1002784,UK
1002784,USA
1002788,Canada
1002788,Hong Kong
1002788,USA
1002793,USA
1002795,USA
1002800,China
1002800,Colombia
1002800,Hungary
1002800,USA
1002803,USA
1002805,USA
1002805,Canada
1002811,UK
1002811,USA
1002814,France
1002814,UK
1002814,USA
1002815,USA
1002818,Japan
1002818,USA
1002820,USA
1002835,USA
1002845,Taiwan
1002860,Australia
1002860,USA
1002863,UK
1002865,South Africa
1002865,UK
1002865,USA
1002873,UK
1002878,USA
1002879,Canada
1002879,France
1002879,USA
1002880,Brazil
1002880,USA
1002887,USA
1002888,Japan
1002888,USA
1002890,USA
1002891,USA
1002896,USA
1002898,USA
1002899,USA
1002902,Japan
1002908,USA
1002911,USA
1002915,USA
1002920,USA
1002921,Japan
1002921,Sweden
1002921,UK
1002926,USA
1002928,USA
1002943,Denmark
1002943,Sweden
1002945,UK
1002954,Chile
1002954,Germany
1002954,Israel
1002954,USA
1002957,USA
1002959,USA
1002960,USA
1002961,USA
1002962,USA
1002964,Canada
1002964,France
1002967,USA
1002972,USA
1002974,USA
1002976,Canada
1002976,USA
1002982,China
1002982,Japan
1002982,Canada
1002982,USA
1002984,USA
1002986,USA
1002987,USA
1002989,USA
1002990,China
1002990,USA
1002991,Finland
1002991,USA
1002994,USA
1003004,USA
1003008,USA
1003014,Hong Kong
1003014,USA
1003023,USA
1003024,USA
1003032,UK
1003035,USA
1003039,USA
1003040,Bulgaria
1003040,Canada
1003040,France
1003040,Portugal
1003040,USA
1003040,UK
1003041,USA
1003042,Spain
1003043,Belgium
1003043,Germany
1003043,Greece
1003043,Switzerland
1003043,UK
1003044,UK
1003044,USA
1003045,USA
1003047,USA
1003049,USA
1003049,UK
1003071,USA
1003078,UK
1003078,USA
1003081,USA
1003082,USA
1003085,Canada
1003086,China
1003086,USA
1003091,UK
1003091,USA
1003095,USA
1003097,Canada
1003097,USA
1003098,Brazil
1003098,USA
1003107,USA
1003107,Puerto Rico
1003107,UK
1003109,Denmark
1003109,Finland
1003109,Sweden
1003113,USA
1003118,UK
1003118,USA
1003119,Canada
1003119,USA
1003123,Canada
1003123,USA
1003130,USA
1003144,USA
1003148,USA
1003153,Australia
1003154,Canada
1003154,UK
1003154,USA
1003158,USA
1003160,Canada
1003160,USA
1003161,UK
1003164,Germany
1003164,UK
1003164,USA
1003167,USA
1003169,USA
1003171,USA
1003174,France
1003174,United Arab Emirates
1003174,USA
1003176,Denmark
1003179,USA
1003180,China
1003180,Hong Kong
1003181,Hong Kong
1003181,India
1003181,UK
1003181,USA
1003182,Spain
1003182,USA
1003186,Greece
1003186,USA
1003196,China
1003196,Russian Federation
1003196,USA
1003202,USA
1003203,Spain
1003208,China
1003208,USA
1003208,UK
1003209,USA
1003210,USA
1003215,Canada
1003215,UK
1003215,USA
1003218,UK
1003218,USA
1003219,Australia
1003219,USA
1003222,USA
1003225,USA
1003228,USA
1003230,USA
1003235,USA
1003238,Canada
1003238,Hong Kong
1003238,USA
1003239,USA
1003242,USA
1003245,USA
1003250,South Korea
1003266,USA
1003267,USA
1003268,USA
1003268,Canada
1003274,Canada
1003274,USA
1003278,France
1003278,Germany
1003278,USA
1003279,UK
1003279,USA
1003282,France
1003282,UK
1003282,USA
1003287,USA
1003288,USA
1003292,USA
1003296,Japan
1003298,USA
1003298,Australia
1003301,USA
1003308,Denmark
1003317,USA
1003319,Canada
1003319,Ireland
1003319,USA
1003321,Canada
1003321,France
1003321,Germany
1003321,Japan
1003321,UK
1003321,USA
1003325,UK
1003333,UK
1003334,Belgium
1003334,Canada
1003334,France
1003334,Hungary
1003334,UK
1003336,South Korea
1003336,Thailand
1003340,USA
1003356,USA
1003380,New Zealand
1003380,USA
1003390,Canada
1003390,USA
1003391,Canada
1003391,USA
1003392,USA
1003394,Bulgaria
1003394,France
1003394,USA
1003394,UK
1003396,Hong Kong
1003396,Ireland
1003396,South Korea
1003396,USA
1003396,Canada
1003402,USA
1003408,China
1003408,USA
1003412,USA
1003417,USA
1003430,Germany
1003430,UK
1003430,USA
1003432,USA
1003436,USA
1003438,USA
1003443,Australia
1003443,USA
1003447,USA
1003457,Taiwan
1003457,USA
1003460,France
1003460,Guadeloupe
1003460,Russian Federation
1003460,Serbia
1003460,USA
1003460,Canada
1003462,Canada
1003462,UK
1003462,USA
1003463,USA
1003464,France
1003464,UK
1003464,USA
1003467,USA
1003479,USA
1003483,USA
1003485,USA
1003486,USA
1003489,USA
1003491,USA
1003494,USA
1003496,USA
1003501,USA
1003505,USA
1003508,USA
1003513,USA
1003513,UK
1003516,USA
1003516,Canada
1003518,Canada
1003518,China
1003518,USA
1003524,UK
1003524,USA
1003525,USA
1003526,USA
1003535,USA
1003539,USA
1003546,USA
1003549,USA
1003559,USA
1003566,Spain
1003567,USA
1003568,France
1003568,USA
1003569,UK
1003569,USA
1003572,USA
1003576,Japan
1003581,USA
1003582,USA
1003583,USA
1003593,USA
1003594,USA
1003604,USA
1003612,Norway
1003612,Sweden
1003612,UK
1003612,USA
1003615,USA
1003619,Canada
1003621,Chile
1003627,USA
1003633,USA
1003634,UK
1003641,Hong Kong
1003641,USA
1003644,USA
1003645,USA
1003651,Iceland
1003651,USA
1003654,Germany
1003654,USA
1003656,India
1003656,Singapore
1003656,USA
1003665,UK
1003665,USA
1003668,USA
1003684,Cuba
1003684,USA
1003693,UK
1003694,USA
1003698,Australia
1003698,UK
1003702,South Korea
1003705,Germany
1003705,USA
1003711,Switzerland
1003711,USA
1003714,Canada
1003714,France
1003718,Canada
1003718,India
1003718,USA
1003721,USA
1003728,USA
1003729,Chile
1003729,France
1003729,Germany
1003729,Spain
1003729,USA
1003737,Canada
1003737,USA
1003739,USA
1003745,USA
1003745,Australia
1003745,UK
1003750,Belgium
1003750,UK
1003751,USA
1003757,USA
1003759,USA
1003764,USA
1003769,USA
1003771,South Africa
1003771,UK
1003771,USA
1003774,USA
1003789,Bulgaria
1003789,USA
1003789,UK
1003793,China
1003793,USA
1003800,Dominican Republic
1003800,UK
1003800,USA
1003804,Argentina
1003806,USA
1003807,Canada
1003807,Hong Kong
1003807,USA
1003810,UK
1003814,India
1003814,USA
1003822,USA
1003829,USA
1003829,UK
1003852,USA
1003855,Canada
1003855,USA
1003856,USA
1003860,UK
1003860,USA
1003863,USA
1003866,Belgium
1003866,France
1003866,Senegal
1003870,China
1003870,USA
1003876,USA
1003878,USA
1003880,Hong Kong
1003880,USA
1003886,UK
1003886,USA
1003889,Italy
1003889,USA
1003889,UK
1003892,Germany
1003892,USA
1003896,UK
1003897,USA
1003926,Australia
1003926,USA
1003934,Ireland
1003934,Canada
1003935,USA
1003941,USA
1003948,China
1003948,USA
1003949,UK
1003949,USA
1003953,France
1003953,Spain
1003955,USA
1003959,Canada
1003959,UK
1003959,USA
1003962,UK
1003962,USA
1003966,UK
1003966,USA
1003985,Belgium
1003985,France
1003985,Germany
1003985,Russian Federation
1003989,Canada
1003989,France
1003989,Germany
1003989,USA
1003990,Mexico
1003990,USA
1004002,USA
1004005,Italy
1004005,USA
1004006,South Korea
1004008,Argentina
1004008,Colombia
1004008,Bolivarian Republic of Venezuela
1004010,New Zealand
1004010,UK
1004010,USA
1004011,USA
1004018,USA
1004021,USA
1004027,USA
1004039,Canada
1004039,USA
1004039,UK
1004040,South Korea
1004043,USA
1004045,USA
1004046,USA
1004049,USA
1004051,USA
1004063,USA
1004065,USA
1004068,USA
1004070,Australia
1004073,Indonesia
1004073,USA
1004076,USA
1004080,China
1004080,Japan
1004080,USA
1004082,Sweden
1004086,USA
1004089,USA
1004090,USA
1004093,New Zealand
1004093,USA
1004094,France
1004094,USA
1004099,France
1004099,Poland
1004102,USA
1004109,USA
1004109,France
1004114,China
1004114,USA
1004123,USA
1004128,USA
1004137,USA
1004142,UK
1004142,USA
1004149,USA
1004153,USA
1004159,USA
1004164,Canada
1004164,USA
1004167,USA
1004168,Japan
1004178,France
1004178,UK
1004178,USA
1004182,USA
1004186,USA
1004186,UK
1004194,Canada
1004194,USA
1004197,Spain
1004198,UK
1004198,USA
1004204,USA
1004213,UK
1004213,USA
1004223,UK
1004223,USA
1004225,USA
1004227,UK
1004227,USA
1004228,USA
1004229,Ireland
1004229,UK
1004230,USA
1004231,Indonesia
1004231,USA
1004236,UK
1004238,UK
1004238,USA
1004244,South Korea
1004246,USA
1004251,USA
1004254,USA
1004256,USA
1004273,UK
1004273,USA
1004276,Hong Kong
1004276,USA
1004279,UK
1004284,China
1004284,India
1004284,UK
1004284,USA
1004286,Canada
1004286,USA
1004286,UK
1004289,USA
1004303,Australia
1004303,India
1004303,Singapore
1004303,USA
1004305,Japan
1004323,Australia
1004323,UK
1004323,USA
1004324,USA
1004329,USA
1004330,Belgium
1004330,Finland
1004330,Norway
1004330,Sweden
1004346,France
1004346,Hong Kong
1004346,Morocco
1004346,Taiwan
1004346,USA
1004352,USA
1004354,USA
1004356,USA
1004357,USA
1004360,USA
1004362,China
1004362,Sweden
1004362,UK
1004362,USA
1004363,Canada
1004363,USA
1004364,USA
1004372,France
1004372,USA
1004373,USA
1004378,UK
1004378,USA
1004386,Australia
1004386,USA
1004389,USA
1004390,USA
1004394,USA
1004401,USA
1004406,USA
1004407,Japan
1004413,UK
1004413,USA
1004416,USA
1004422,Canada
1004422,Germany
1004422,UK
1004422,USA
1004425,USA
1004432,China
1004432,USA
1004437,UK
1004437,USA
1004443,USA
1004444,Brazil
1004447,USA
1004453,UK
1004453,USA
1004463,USA
1004465,Canada
1004465,China
1004465,Hungary
1004465,South Africa
1004465,USA
1004467,UK
1004467,USA
1004474,USA
1004488,China
1004488,Germany
1004488,Japan
1004488,UK
1004488,Canada
1004488,USA
1004490,UK
1004491,USA
1004500,USA
1004500,Japan
1004503,USA
1004503,UK
1004504,UK
1004506,USA
1004516,USA
1004524,USA
1004527,Ireland
1004527,Canada
1004527,New Zealand
1004527,USA
1004528,USA
1004529,UK
1004530,USA
1004534,South Korea
1004537,USA
1004541,USA
1004549,Japan
1004550,Japan
1004553,USA
1004558,Australia
1004558,UK
1004558,USA
1004561,UK
1004570,USA
1004580,UK
1004580,USA
1004593,USA
1004597,USA
1004598,France
1004598,UK
1004604,Thailand
1004604,UK
1004604,USA
1004609,UK
1004609,USA
1004611,USA
1004615,UK
1004615,USA
1004618,Belgium
1004618,France
1004618,Switzerland
1004621,Australia
1004621,Hong Kong
1004621,USA
1004625,Canada
1004625,Hong Kong
1004625,USA
1004628,Australia
1004628,UK
1004628,USA
1004631,Canada
1004631,India
1004631,USA
1004635,France
1004635,USA
1004635,Canada
1004635,UK
1004642,USA
1004643,Japan
1004644,Denmark
1004644,UK
1004647,USA
1004656,USA
1004658,USA
1004665,Thailand
1004666,USA
1004668,Australia
1004668,Denmark
1004668,USA
1004676,Thailand
1004699,USA
1004726,USA
1004732,USA
1004737,USA
1004740,Brazil
1004740,Germany
1004741,South Korea
1004744,USA
1004745,USA
1004747,USA
1004752,Germany
1004752,USA
1004752,UK
1004756,USA
1004760,USA
1004762,Syrian Arab Republic
1004762,UK
1004764,USA
1004769,UK
1004769,USA
1004771,USA
1004772,Ireland
1004772,Luxembourg
1004772,UK
1004772,USA
1004772,Australia
1004780,USA
1004781,USA
1004782,China
1004782,France
1004786,USA
1004788,Germany
1004788,USA
1004788,UK
1004795,USA
1004800,Belgium
1004800,UK
1004800,USA
1004801,USA
1004804,USA
1004813,Canada
1004813,USA
1004816,Norway
1004819,UK
1004819,USA
1004820,USA
1004821,USA
1004823,UK
1004823,USA
1004828,USA
1004832,USA
1004841,USA
1004845,South Korea
1004848,UK
1004850,USA
1004851,Belgium
1004851,UK
1004851,France
1004851,Portugal
1004851,Spain
1004853,UK
1004853,USA
1004858,Argentina
1004858,Spain
1004876,USA
1004878,USA
1004879,USA
1004891,Italy
1004897,USA
1004899,Canada
1004899,USA
1004901,USA
1004905,UK
1004905,USA
1004924,Bosnia and Herzegovina
1004924,Bulgaria
1004924,France
1004924,Germany
1004924,North Macedonia
1004924,Qatar
1004924,Sweden
1004924,Turkey
1004934,Iceland
1004934,USA
1004935,Czechia
1004935,Malta
1004935,Serbia
1004935,Spain
1004935,USA
1004937,Canada
1004937,Japan
1004937,USA
1004939,UK
1004941,Canada
1004941,Ireland
1004941,UK
1004941,USA
1004945,Lithuania
1004945,Poland
1004945,Serbia
1004947,UK
1004947,USA
1004950,UK
1004951,Croatia
1004951,France
1004951,Germany
1004951,Greece
1004951,Netherlands
1004951,Turkey
1004954,Italy
1004954,USA
1004957,USA
1004968,India
1004968,USA
1004981,Canada
1004981,USA
1004989,USA
1004990,UK
1004990,USA
1004994,UK
1004994,USA
1005000,Japan
1005014,USA
1005018,Australia
1005020,UK
1005026,UK
1005028,France
1005028,Iran
1005028,USA
1005033,USA
1005035,USA
1005036,USA
1005040,India
1005040,UK
1005040,USA
1005040,Australia
1005045,UK
1005045,USA
1005047,Croatia
1005047,Luxembourg
1005047,UK
1005047,Romania
1005047,Switzerland
1005047,Czechia
1005049,South Korea
1005065,Canada
1005065,USA
1005069,South Korea
1005072,USA
1005073,USA
1005078,USA
1005081,USA
1005083,USA
1005087,Belgium
1005087,France
1005087,USA
1005089,USA
1005093,USA
1005098,USA
1005105,Guatemala
1005105,France
1005115,China
1005115,USA
1005118,USA
1005119,Canada
1005119,Finland
1005119,USA
1005136,Sweden
1005136,UK
1005136,USA
1005138,UK
1005138,USA
1005145,USA
1005157,China
1005157,USA
1005157,UK
1005161,USA
1005162,USA
1005168,USA
1005169,USA
1005169,Canada
1005172,USA
1005184,China
1005184,Japan
1005184,USA
1005199,Spain
1005199,USA
1005202,Canada
1005202,USA
1005216,USA
1005217,Bulgaria
1005217,France
1005217,USA
1005220,USA
1005221,USA
1005229,South Korea
1005232,France
1005232,Norway
1005232,USA
1005232,UK
1005232,Canada
1005239,China
1005245,USA
1005258,Japan
1005263,New Zealand
1005265,Germany
1005265,USA
1005267,Canada
1005267,USA
1005270,USA
1005271,Canada
1005271,UK
1005281,Canada
1005281,UK
1005281,USA
1005283,USA
1005287,Spain
1005290,Germany
1005290,USA
1005303,USA
1005305,France
1005305,USA
1005307,South Korea
1005322,India
1005322,UK
1005322,USA
1005326,USA
1005343,USA
1005346,Russian Federation
1005354,USA
1005355,USA
1005360,Switzerland
1005360,USA
1005362,USA
1005364,USA
1005367,UK
1005369,USA
1005374,USA
1005391,USA
1005392,USA
1005402,Canada
1005402,USA
1005403,Canada
1005403,USA
1005407,Canada
1005407,Japan
1005407,USA
1005408,Belgium
1005408,Finland
1005408,Ireland
1005408,UK
1005412,China
1005412,USA
1005417,Argentina
1005417,Spain
1005420,USA
1005424,USA
1005429,Hungary
1005429,USA
1005430,USA
1005435,USA
1005437,South Korea
1005439,USA
1005441,Australia
1005441,Canada
1005441,China
1005441,USA
1005443,UK
1005443,USA
1005446,USA
1005448,UK
1005448,USA
1005449,USA
1005450,USA
1005454,Hong Kong
1005454,Taiwan
1005456,USA
1005457,South Korea
1005459,USA
1005462,UK
1005462,USA
1005463,France
1005467,USA
1005477,USA
1005480,Finland
1005480,Latvia
1005485,USA
1005492,Germany
1005492,Luxembourg
1005492,Romania
1005499,USA
1005501,Germany
1005501,UK
1005501,USA
1005509,Germany
1005510,USA
1005511,USA
1005513,USA
1005525,Spain
1005529,India
1005531,USA
1005533,USA
1005536,Chile
1005536,Germany
1005536,Netherlands
1005536,Spain
1005536,USA
1005539,Australia
1005539,USA
1005542,USA
1005543,USA
1005548,Ireland
1005548,UK
1005548,USA
1005553,USA
1005564,Canada
1005564,China
1005564,USA
1005566,UK
1005566,USA
1005577,USA
1005578,USA
1005581,Japan
1005584,UK
1005584,USA
1005586,USA
1005587,South Korea
1005602,USA
1005611,Australia
1005611,Colombia
1005611,UK
1005611,USA
1005612,Argentina
1005612,France
1005612,Germany
1005612,Italy
1005612,Spain
1005613,Japan
1005617,Ireland
1005617,USA
1005623,Denmark
1005623,Sweden
1005628,USA
1005631,USA
1005637,Australia
1005643,France
1005643,UK
1005643,USA
1005651,USA
1005652,South Korea
1005654,USA
1005670,USA
1005674,Canada
1005674,USA
1005680,USA
1005681,South Korea
1005683,USA
1005687,USA
1005695,Colombia
1005695,Denmark
1005695,France
1005695,Mexico
1005695,Germany
1005695,Switzerland
1005698,USA
1005701,Canada
1005701,USA
1005705,USA
1005716,Canada
1005717,Spain
1005717,USA
1005736,USA
1005739,USA
1005741,USA
1005742,USA
1005744,Finland
1005744,USA
1005746,USA
1005751,Poland
1005751,South Korea
1005751,USA
1005753,South Korea
1005755,USA
1005757,Japan
1005760,USA
1005764,USA
1005765,USA
1005767,Canada
1005767,USA
1005770,USA
1005774,USA
1005775,USA
1005779,Spain
1005779,UK
1005779,USA
1005790,USA
1005792,UK
1005792,USA
1005795,China
1005795,USA
1005797,USA
1005807,USA
1005811,Germany
1005811,Denmark
1005834,USA
1005844,Belgium
1005844,France
1005844,UK
1005849,United Arab Emirates
1005849,USA
1005849,Canada
1005859,USA
1005862,USA
1005869,Australia
1005871,France
1005871,USA
1005879,Canada
1005879,USA
1005880,USA
1005881,USA
1005886,USA
1005893,Czechia
1005893,Romania
1005893,UK
1005893,USA
1005895,USA
1005895,Hungary
1005896,USA
1005905,USA
1005906,USA
1005914,France
1005915,USA
1005921,South Korea
1005923,USA
1005926,USA
1005929,USA
1005932,USA
1005933,USA
1005939,Cambodia
1005939,China
1005939,France
1005939,UK
1005939,USA
1005940,UK
1005940,USA
1005942,South Korea
1005945,USA
1005948,UK
1005948,USA
1005951,France
1005951,UK
1005953,USA
1005955,USA
1005958,USA
1005966,USA
1005975,Spain
1005975,USA
1005977,UK
1005977,USA
1005977,Australia
1005982,France
1005982,UK
1005982,USA
1005986,USA
1005992,USA
1006000,USA
1006003,Ireland
1006003,UK
1006003,USA
1006027,USA
1006028,USA
1006030,USA
1006039,USA
1006047,Hong Kong
1006047,USA
1006049,USA
1006052,Austria
1006052,Germany
1006054,New Zealand
1006054,USA
1006061,USA
1006066,USA
1006078,USA
1006087,USA
1006090,USA
1006094,USA
1006098,UK
1006098,USA
1006107,USA
1006108,UK
1006108,USA
1006108,Ireland
1006108,Netherlands
1006108,France
1006110,India
1006117,USA
1006121,Australia
1006121,France
1006121,UK
1006125,Japan
1006128,Denmark
1006128,France
1006128,Norway
1006128,USA
1006131,Ireland
1006131,UK
1006131,USA
1006132,USA
1006136,USA
1006140,Germany
1006140,France
1006140,Luxembourg
1006140,UK
1006140,USA
1006144,USA
1006150,USA
1006164,Iceland
1006164,Norway
1006164,USA
1006167,UK
1006167,USA
1006168,USA
1006172,Canada
1006172,USA
1006182,USA
1006186,France
1006186,UK
1006186,USA
1006189,USA
1006192,Belgium
1006192,France
1006192,USA
1006194,Hong Kong
1006194,USA
1006196,USA
1006202,USA
1006205,China
1006205,Japan
1006206,UK
1006206,Italy
1006206,France
1006214,Argentina
1006214,Brazil
1006214,Chile
1006214,Luxembourg
1006220,Australia
1006220,Canada
1006220,South Africa
1006220,UK
1006220,USA
1006226,USA
1006227,USA
1006228,Thailand
1006229,USA
1006230,USA
1006231,USA
1006235,USA
1006237,South Korea
1006242,UK
1006244,USA
1006248,USA
1006249,Czechia
1006249,France
1006249,USA
1006249,UK
1006251,Canada
1006251,UK
1006251,USA
1006252,USA
1006253,USA
1006257,France
1006257,Italy
1006257,Spain
1006260,Denmark
1006260,USA
1006264,USA
1006266,USA
1006268,UK
1006268,USA
1006270,USA
1006273,USA
1006274,USA
1006276,USA
1006279,Canada
1006279,USA
1006281,Germany
1006281,UK
1006281,USA
1006281,Canada
1006299,UK
1006300,USA
1006304,USA
1006314,China
1006314,USA
1006318,Chile
1006318,USA
1006321,USA
1006321,Canada
1006322,France
1006322,UK
1006322,USA
1006326,Romania
1006326,USA
1006333,USA
1006334,Australia
1006334,USA
1006344,India
1006354,UK
1006354,USA
1006355,New Zealand
1006355,Canada
1006362,India
1006365,Czechia
1006365,UK
1006365,USA
1006369,USA
1006371,USA
1006374,USA
1006380,USA
1006383,USA
1006385,USA
1006393,USA
1006394,UK
1006394,USA
1006399,UK
1006399,USA
1006400,UK
1006401,Canada
1006401,USA
1006414,France
1006414,UK
1006414,USA
1006415,USA
1006424,UK
1006426,USA
1006427,USA
1006429,Belgium
1006429,France
1006431,USA
1006432,USA
1006437,Indonesia
1006437,UK
1006437,USA
1006451,Canada
1006451,USA
1006455,China
1006455,Colombia
1006455,USA
1006458,Norway
1006464,USA
1006474,USA
1006475,Spain
1006478,Finland
1006480,UK
1006480,USA
1006486,USA
1006490,Japan
1006490,South Korea
1006490,UK
1006493,USA
1006499,Germany
1006499,UK
1006506,UK
1006507,Brazil
1006515,USA
1006538,Canada
1006538,USA
1006545,Indonesia
1006545,South Korea
1006545,USA
1006547,USA
1006551,USA
1006553,Thailand
1006553,USA
1006554,USA
1006558,Japan
1006564,USA
1006571,USA
1006572,Ireland
1006572,Canada
1006572,USA
1006573,Germany
1006573,USA
1006573,France
1006575,USA
1006583,France
1006584,USA
1006586,USA
1006588,USA
1006591,USA
1006592,USA
1006602,Canada
1006602,USA
1006610,USA
1006620,USA
1006622,South Korea
1006634,USA
1006640,UK
1006640,USA
1006640,Italy
1006642,USA
1006650,UK
1006651,Canada
1006651,USA
1006652,Turkey
1006652,USA
1006655,USA
1006656,USA
1006661,India
1006661,USA
1006668,USA
1006671,Japan
1006672,USA
1006677,Spain
1006684,India
1006684,Sweden
1006689,UK
1006689,USA
1006702,Spain
1006702,USA
1006706,Canada
1006706,France
1006715,USA
1006716,Argentina
1006721,Brazil
1006721,USA
1006722,USA
1006722,Finland
1006727,UK
1006727,USA
1006729,Canada
1006729,UK
1006729,USA
1006730,UK
1006730,USA
1006745,Hungary
1006745,USA
1006755,Canada
1006755,Spain
1006755,USA
1006771,USA
1006775,France
1006791,USA
1006794,Argentina
1006794,Brazil
1006794,Germany
1006794,Qatar
1006794,Mexico
1006794,USA
1006794,Switzerland
1006817,USA
1006823,USA
1006830,USA
1006838,Mexico
1006838,USA
1006840,South Korea
1006840,Mongolia
1006840,Switzerland
1006841,USA
1006842,Brazil
1006847,USA
1006850,USA
1006872,USA
1006883,China
1006883,USA
1006891,Canada
1006891,USA
1006893,UK
1006902,South Korea
1006903,UK
1006909,South Korea
1006910,USA
1006916,Russian Federation
1006916,UK
1006916,USA
1006918,USA
1006921,France
1006921,USA
1006921,Thailand
1006926,Belgium
1006926,France
1006928,USA
1006930,Australia
1006930,UK
1006930,USA
1006942,UK
1006942,USA
1006954,USA
1006959,Canada
1006959,USA
1006965,USA
1006967,Canada
1006967,USA
1006973,USA
1006991,USA
1007000,Canada
1007000,USA
1007004,USA
1007017,USA
1007021,Brazil
1007032,USA
1007042,Netherlands
1007042,USA
1007043,UK
1007043,Spain
1007045,UK
1007045,USA
1007053,Canada
1007053,USA
1007055,USA
1007062,UK
1007067,Japan
1007082,USA
1007084,USA
1007096,Indonesia
1007096,South Korea
1007104,Japan
1007119,USA
1007128,Brazil
1007128,Italy
1007130,USA
1007132,USA
1007138,South Korea
1007147,USA
1007156,USA
1007164,USA
1007167,Canada
1007167,USA
1007168,France
1007168,USA
1007170,USA
1007172,USA
1007179,USA
1007187,Luxembourg
1007187,Belgium
1007187,France
1007199,India
1007199,USA
1007205,South Korea
1007207,USA
1007208,USA
1007212,Canada
1007212,Denmark
1007212,USA
1007218,Belgium
1007218,Ireland
1007218,USA
1007229,USA
1007231,Canada
1007231,Germany
1007231,UK
1007231,USA
1007260,South Korea
1007267,USA
1007271,USA
1007277,USA
1007280,USA
1007283,UK
1007283,USA
1007284,USA
1007293,USA
1007297,UK
1007297,USA
1007303,USA
1007311,Canada
1007311,USA
1007314,Belgium
1007314,France
1007314,Germany
1007314,Spain
1007322,South Korea
1007323,UK
1007323,USA
1007328,India
1007329,USA
1007333,UK
1007333,USA
1007343,USA
1007345,USA
1007359,Japan
1007360,UK
1007369,USA
1007374,Austria
1007374,Germany
1007374,USA
1007374,Switzerland
1007377,USA
1007384,USA
1007390,France
1007397,UK
1007398,USA
1007403,UK
1007403,Italy
1007403,USA
1007406,Hong Kong
1007406,South Korea
1007407,USA
1007408,USA
1007408,UK
1007408,Hong Kong
1007408,Ireland
1007408,Hungary
1007424,Canada
1007424,USA
1007432,USA
1007436,Mexico
1007436,USA
1007437,UK
1007437,USA
1007440,USA
1007444,USA
1007445,Germany
1007445,USA
1007448,India
1007452,Australia
1007452,USA
1007452,India
1007460,Belgium
1007460,France
1007477,Australia
1007477,USA
1007482,USA
1007489,UK
1007489,USA
1007492,Austria
1007492,Germany
1007492,UK
1007492,France
1007493,Norway
1007494,Norway
1007501,USA
1007501,UK
1007502,USA
1007510,Slovakia
1007510,Czechia
1007510,Ukraine
1007512,USA
1007520,USA
1007528,USA
1007529,USA
1007531,USA
1007532,South Korea
1007533,France
1007535,New Zealand
1007545,Estonia
1007545,UK
1007545,USA
1007545,Germany
1007561,UK
1007566,Canada
1007574,USA
1007575,South Korea
1007582,Australia
1007589,Denmark
1007589,Finland
1007589,Sweden
1007604,UK
1007604,USA
1007607,Greece
1007607,Poland
1007607,Slovenia
1007608,USA
1007615,Canada
1007615,USA
1007618,USA
1007622,UK
1007622,USA
1007628,Japan
1007630,France
1007630,Germany
1007630,USA
1007640,Brazil
1007642,USA
1007644,USA
1007648,USA
1007657,USA
1007662,USA
1007676,South Korea
1007682,France
1007682,UK
1007682,USA
1007687,USA
1007702,USA
1007727,Canada
1007727,USA
1007732,Canada
1007732,USA
1007749,Belgium
1007749,France
1007749,Italy
1007749,UK
1007752,USA
1007756,Ireland
1007756,USA
1007757,USA
1007766,USA
1007775,USA
1007778,Japan
1007780,Bulgaria
1007780,USA
1007782,USA
1007784,USA
1007792,USA
1007792,UK
1007801,USA
1007802,UK
1007802,USA
1007814,USA
1007821,USA
1007825,USA
1007830,USA
1007833,USA
1007833,France
1007833,Malta
1007834,USA
1007834,UK
1007838,Poland
1007841,USA
1007843,Canada
1007854,China
1007854,South Korea
1007854,USA
1007868,USA
1007870,Canada
1007872,UK
1007872,USA
1007876,Australia
1007878,South Korea
1007879,UK
1007879,USA
1007882,USA
1007883,Japan
1007883,USA
1007895,South Korea
1007903,UK
1007910,South Korea
1007913,UK
1007913,USA
1007916,Italy
1007916,USA
1007922,UK
1007927,Belgium
1007927,France
1007927,UK
1007927,Netherlands
1007927,Sweden
1007927,Germany
1007927,USA
1007928,USA
1007935,Romania
1007942,USA
1007948,USA
1007961,Australia
1007961,China
1007961,USA
1007968,South Korea
1007973,India
1007978,South Korea
1007992,Australia
1007992,USA
1007994,South Korea
1008013,USA
1008025,South Korea
1008029,Argentina
1008031,Norway
1008038,USA
1008040,USA
1008048,USA
1008048,Canada
1008063,USA
1008076,UK
1008076,USA
1008093,Ireland
1008093,UK
1008093,USA
1008101,USA
1008101,Argentina
1008101,Chile
1008101,France
1008101,Spain
1008110,USA
1008123,USA
1008124,Canada
1008124,USA
1008133,Ireland
1008133,Canada
1008133,USA
1008157,Greece
1008157,UK
1008157,USA
1008188,Australia
1008188,Germany
1008188,USA
1008191,Thailand
1008201,USA
1008233,UK
1008246,Austria
1008246,USA
1008251,USA
1008253,USA
1008276,Canada
1008276,UK
1008276,USA
1008279,UK
1008287,Switzerland
1008287,UK
1008287,USA
1008301,Canada
1008301,USA
1008316,USA
1008319,South Korea
1008325,South Korea
1008331,India
1008331,UK
1008331,USA
1008334,Australia
1008334,Czechia
1008334,USA
1008352,Canada
1008355,Canada
1008355,USA
1008356,Austria
1008356,Canada
1008356,China
1008356,Germany
1008356,Italy
1008356,USA
1008357,USA
1008366,France
1008366,USA
1008374,USA
1008383,Denmark
1008383,France
1008383,Germany
1008383,Mexico
1008383,Norway
1008383,Switzerland
1008392,USA
1008393,South Korea
1008394,France
1008394,UK
1008394,USA
1008395,Belgium
1008395,UK
1008395,USA
1008412,Belgium
1008412,Lithuania
1008412,Netherlands
1008416,UK
1008436,USA
1008445,USA
1008447,USA
1008447,UK
1008455,USA
1008456,Germany
1008456,France
1008456,Poland
1008466,USA
1008487,USA
1008513,Belgium
1008513,France
1008513,Romania
1008523,Germany
1008523,Belgium
1008523,France
1008523,Sweden
1008523,Tunisia
1008554,Myanmar
1008554,France
1008614,USA
1008619,USA
1008629,Brazil
1008635,USA
1008644,UK
1008644,USA
1008656,Canada
1008656,France
1008656,Belgium
1008689,Japan
1008690,UK
1008696,South Korea
1008701,Denmark
1008701,Iceland
1008710,USA
1008714,USA
1008731,Canada
1008731,Germany
1008738,USA
1008755,USA
1008763,USA
1008774,UK
1008774,USA
1008808,Germany
1008808,South Africa
1008817,Japan
1008820,USA
1008836,USA
1008848,USA
1008856,Spain
1008856,UK
1008856,USA
1008856,Ireland
1008868,China
1008868,France
1008868,Germany
1008868,UK
1008868,USA
1008899,USA
1008901,UK
1008901,USA
1008901,Czechia
1008901,Romania
1008902,South Korea
1008907,USA
1008915,USA
1008920,USA
1008928,UK
1008932,Argentina
1008932,USA
1008934,USA
1008936,USA
1008956,USA
1009019,USA
1009021,USA
1009024,USA
1009026,Canada
1009026,USA
1009032,USA
1009035,Spain
1009058,USA
1009062,UK
1009062,USA
1009063,Canada
1009064,USA
1009100,South Korea
1009109,Ireland
1009109,UK
1009109,USA
1009111,USA
1009114,South Korea
1009114,Spain
1009114,UK
1009114,USA
1009117,USA
1009123,China
1009123,South Korea
1009135,South Korea
1009137,China
1009137,UK
1009137,USA
1009137,Taiwan
1009138,Canada
1009138,USA
1009152,USA
1009152,France
1009160,UK
1009160,USA
1009172,Canada
1009172,USA
1009174,USA
1009178,South Korea
1009190,USA
1009222,Mexico
1009232,Canada
1009252,Canada
1009258,USA
1009272,India
1009307,Canada
1009307,USA
1009312,USA
1009339,USA
1009352,Canada
1009380,Spain
1009383,UK
1009390,Belgium
1009390,France
1009392,USA
1009397,Iceland
1009397,New Zealand
1009397,Switzerland
1009397,USA
1009402,UK
1009411,France
1009411,India
1009412,Italy
1009412,Spain
1009412,USA
1009420,Belgium
1009420,France
1009420,Poland
1009422,UK
1009422,USA
1009445,Switzerland
1009449,Japan
1009513,USA
1009526,Canada
1009526,Ireland
1009534,USA
1009553,USA
1009562,USA
1009571,USA
1009576,USA
1009586,Italy
1009586,Spain
1009600,UK
1009600,USA
1009610,USA
1009619,South Korea
1009621,Ireland
1009621,UK
1009648,USA
1009650,Poland
1009650,Sweden
1009656,Ireland
1009656,USA
1009668,USA
1009671,USA
1009682,Japan
1009687,USA
1009688,USA
1009693,USA
1009714,South Korea
1009716,Canada
1009716,USA
1009721,Germany
1009721,Spain
1009721,UK
1009721,France
1009725,Argentina
1009725,Spain
1009736,Denmark
1009736,Germany
1009736,Sweden
1009753,USA
1009761,Japan
1009776,Canada
1009776,Germany
1009776,Mexico
1009776,South Africa
1009786,Japan
1009796,UK
1009796,USA
1009811,USA
1009835,USA
1009850,Australia
1009850,Canada
1009850,Germany
1009850,UK
1009850,USA
1009853,USA
1009886,UK
1009888,Japan
1009888,Serbia
1009888,United Arab Emirates
1009888,UK
1009888,USA
1009919,UK
1009919,USA
1009919,Ukraine
1009927,India
1009954,South Korea
1010114,USA
1010127,UK
1010127,USA
1010135,UK
1010186,India
1010186,USA
1010198,Belgium
1010198,Canada
1010198,France
1010198,Hungary
1010198,UK
1010198,USA
1010247,USA
1010283,USA
1010303,Brazil
1010318,India
1010356,Canada
1010356,South Korea
1010356,USA
1010368,India
1010389,USA
1010570,Italy
1010735,USA
1011243,UK
1011696,Switzerland
1011696,USA
1011755,UK
1011772,USA
1011828,USA
1011952,Canada
1011952,USA
1012068,Germany
1012177,UK
1012200,UK
1012200,USA
1012268,UK
1012403,India
1012494,India
1012662,India
1012697,UK
1012701,India
1012701,USA
1012868,USA
1013106,USA
1014023,Indonesia
1014408,USA
1014420,India
1014499,USA
1014549,India
1014618,USA
1014733,USA
1015021,USA
1015246,India
1015467,Italy
1015467,USA
1015650,UK
1015650,USA
1015685,USA
1015847,India
1016267,USA
1016277,USA
1016512,USA
1016608,South Korea
1016686,UK
1016932,UK
1016932,USA
1016949,USA
1016968,South Korea
1016994,India
1017029,Australia
1017029,USA
1017549,USA
1017829,USA
1017904,South Korea
1018341,USA
1018499,USA
1018606,USA
1018649,India
1018760,Australia
1018760,UK
1018760,USA
1019395,Australia
1019395,USA
1019836,USA
1019868,USA
1020908,USA
1021128,India
1021331,France
1021331,Italy
1021331,UK
1021331,Ireland
1021689,South Korea
1021921,Mauritania
1021921,UK
1023036,Brazil
1023261,India
1023835,South Korea
1023997,Ireland
1023997,USA
1024187,Canada
1024187,USA
1024585,USA
1025369,South Korea
1025990,Brazil
1026415,India
1026474,USA
1026501,South Korea
1026880,India
1027086,India
1027232,USA
1027232,UK
1027412,China
1027412,Denmark
1027412,France
1027412,Qatar
1027667,USA
1028177,India
1028648,Canada
1029029,South Korea
1029951,India
1029951,USA
1030583,Thailand
1030645,Indonesia
1030656,Japan
1031114,USA
1031286,China
1032432,Japan
1033537,Belgium
1033537,France
1033737,USA
1033835,USA
1034136,Spain
1034136,Chile
1034327,UK
1034832,USA
1034994,Australia
1034994,UK
1034994,USA
1035331,Mexico
1036162,UK
1036794,India
1036801,Indonesia
1037367,USA
1037676,India
1037931,India
1039331,USA
1039758,USA
1040108,UK
1040108,USA
1040351,USA
1042011,USA
1042202,USA
1042281,USA
1042867,Peru
1044129,India
1044214,UK
1044214,USA
1044656,India
1044656,USA
1045008,Ireland
1045008,USA
1045401,China
1045401,Spain
1045959,France
1046398,UK
1046398,USA
1046533,Japan
1046877,USA
1046941,Canada
1046941,UK
1046941,USA
1047220,USA
1047733,UK
1047733,USA
1047998,France
1047998,Germany
1047998,USA
1048350,South Africa
1048619,USA
1049028,Peru
1049371,India
1049715,USA
1050188,USA
1050204,USA
1050381,Germany
1050381,USA
1050923,USA
1050958,USA
1051325,Malaysia
1051804,USA
1052209,Brazil
1052451,USA
1053504,Sweden
1053600,USA
1053695,UK
1053834,India
1053993,Bulgaria
1053993,Canada
1053993,Ireland
1053993,USA
1054791,India
1054917,USA
1054958,Germany
1054958,Netherlands
1054958,USA
1057059,USA
